{
  "project_info": {
    "project_number": "321167127512",
    "firebase_url": "https://flashchat-4bbbb.firebaseio.com",
    "project_id": "flashchat-4bbbb",
    "storage_bucket": "flashchat-4bbbb.appspot.com"
  },
  "client": [
    {
      "client_info": {
        "mobilesdk_app_id": "1:321167127512:android:d2a84f9d7d2cb9094078ad",
        "android_client_info": {
          "package_name": "com.candyflashchat.flashchatnewfirebase"
        }
      },
      "oauth_client": [
        {
          "client_id": "321167127512-orb5m46fg09qpb36mpli04kn69je7ac1.apps.googleusercontent.com",
          "client_type": 3
        }
      ],
      "api_key": [
        {
          "current_key": "AIzaSyCm3vVkQxUetJ1pGN6drB-8NgMiN_eyaU8"
        }
      ],
      "services": {
        "appinvite_service": {
          "other_platform_oauth_client": [
            {
              "client_id": "321167127512-orb5m46fg09qpb36mpli04kn69je7ac1.apps.googleusercontent.com",
              "client_type": 3
            }
          ]
        }
      }
    }
  ],
  "configuration_version": "1"
}